wkt_geom,fid,Longitude,Latitude,Value
Point (120.61539999999999395 13.95739999999999981),1.0,120.6154,13.9574,3
Point (120.61636670000000038 13.95814999999999984),2.0,120.6163667,13.95815,1
Point (120.6162166999999954 13.95816667000000066),3.0,120.6162167,13.95816667,1
Point (120.61601670000000297 13.95809999999999995),4.0,120.6160167,13.9581,1
Point (120.61584999999999468 13.95806666999999912),5.0,120.61585,13.95806667,1
Point (120.61576669999999467 13.95786666999999959),6.0,120.6157667,13.95786667,1
Point (120.61579999999999302 13.95775000000000077),7.0,120.6158,13.95775,1
Point (120.61588329999999303 13.9575333300000004),8.0,120.6158833,13.95753333,1
Point (120.61586669999999799 13.9575333300000004),9.0,120.6158667,13.95753333,1
Point (120.61633329999999376 13.95708332999999968),10.0,120.6163333,13.95708333,1
Point (120.61673330000000703 13.95728332999999921),11.0,120.6167333,13.95728333,1
Point (120.61686670000000277 13.95734999999999992),12.0,120.6168667,13.95735,2
Point (120.61693329999999946 13.95754999999999946),13.0,120.6169333,13.95755,2
Point (120.61700000000000443 13.95736667000000075),14.0,120.617,13.95736667,2
Point (120.61551670000000058 13.95668333000000061),15.0,120.6155167,13.95668333,3
Point (120.61560000000000059 13.9564666699999993),16.0,120.6156,13.95646667,3
Point (120.61575000000000557 13.9564666699999993),17.0,120.61575,13.95646667,3
Point (120.61593329999999469 13.9564666699999993),18.0,120.6159333,13.95646667,3
Point (120.61605000000000132 13.95616667),19.0,120.61605,13.95616667,3
Point (120.61553329999999562 13.9568999999999992),20.0,120.6155333,13.9569,3
Point (120.61541669999999726 13.95723332999999933),21.0,120.6154167,13.95723333,3
Point (120.61539999999999395 13.95739999999999981),22.0,120.6154,13.9574,3
Point (120.6166735999999986 13.95886010000000077),23.0,120.6166736,13.9588601,2
Point (120.61661159999999882 13.95883539999999989),24.0,120.6166116,13.9588354,2
Point (120.61656729999999982 13.95882830000000041),25.0,120.6165673,13.9588283,2
Point (120.61654420000000698 13.95881520000000009),26.0,120.6165442,13.9588152,2
Point (120.6165107000000063 13.95883180000000046),27.0,120.6165107,13.9588318,1
Point (120.61649020000000121 13.95880260000000028),28.0,120.6164902,13.9588026,1
Point (120.61647550000000706 13.95880089999999996),29.0,120.6164755,13.9588009,1
Point (120.61641509999999755 13.95878399999999964),30.0,120.6164151,13.958784,1
Point (120.61636210000000347 13.9587564000000004),31.0,120.6163621,13.9587564,1
Point (120.61630850000000237 13.95874330000000008),32.0,120.6163085,13.9587433,1
Point (120.61625580000000468 13.95872089999999943),33.0,120.6162558,13.9587209,1
Point (120.61619279999999321 13.95871050000000047),34.0,120.6161928,13.9587105,1
Point (120.61614489999999478 13.95869680000000024),35.0,120.6161449,13.9586968,1
Point (120.61609420000000625 13.95868119999999912),36.0,120.6160942,13.9586812,1
Point (120.61602050000000474 13.95864309999999975),37.0,120.6160205,13.9586431,1
Point (120.61597989999999925 13.95862909999999957),38.0,120.6159799,13.9586291,1
Point (120.61593430000000637 13.95859820000000084),39.0,120.6159343,13.9585982,1
Point (120.61588670000000434 13.95858130000000052),40.0,120.6158867,13.9585813,1
Point (120.61583339999999964 13.95856730000000034),41.0,120.6158334,13.9585673,1
Point (120.61578110000000663 13.95855099999999993),42.0,120.6157811,13.958551,1
Point (120.61573850000000618 13.95854620000000068),43.0,120.6157385,13.9585462,1
Point (120.61568149999999378 13.95853310000000036),44.0,120.6156815,13.9585331,1
Point (120.61563320000000488 13.95853050000000017),45.0,120.6156332,13.9585305,1
Point (120.61558329999999728 13.95852919999999919),46.0,120.6155833,13.9585292,3
Point (120.61554169999999431 13.95852569999999915),47.0,120.6155417,13.9585257,3
Point (120.61550379999999905 13.95853430000000017),48.0,120.6155038,13.9585343,3
Point (120.61545759999999916 13.95854259999999947),49.0,120.6154576,13.9585426,3
Point (120.615403900000004 13.95851790000000037),50.0,120.6154039,13.9585179,3
Point (120.61537069999999972 13.95852760000000004),51.0,120.6153707,13.9585276,3
Point (120.61532880000000034 13.95854519999999965),52.0,120.6153288,13.9585452,3
Point (120.61529459999999858 13.95854809999999979),53.0,120.6152946,13.9585481,3
Point (120.61582769999999698 13.96032139999999977),54.0,120.6158277,13.9603214,1
Point (120.61583339999999964 13.96030509999999936),55.0,120.6158334,13.9603051,1
Point (120.61586590000000285 13.96023910000000079),56.0,120.6158659,13.9602391,1
Point (120.61586690000000033 13.96018340000000002),57.0,120.6158669,13.9601834,1
Point (120.61586990000000696 13.96016129999999933),58.0,120.6158699,13.9601613,1
Point (120.61585650000000669 13.9601235999999993),59.0,120.6158565,13.9601236,1
Point (120.61586189999999874 13.96007840000000044),60.0,120.6158619,13.9600784,1
Point (120.61586690000000033 13.96003770000000088),61.0,120.6158669,13.9600377,1
Point (120.61586929999999995 13.95999310000000015),62.0,120.6158693,13.9599931,1
Point (120.6158803000000006 13.95992309999999925),63.0,120.6158803,13.9599231,1
Point (120.61634080957411186 13.95997860451153016),64.0,120.6163408,13.9599786,2
Point (120.61587400000000514 13.95987760000000044),65.0,120.615874,13.9598776,1
Point (120.61588469999999518 13.9598355999999999),66.0,120.6158847,13.9598356,1
Point (120.61587230000000659 13.95979430000000043),67.0,120.6158723,13.9597943,1
Point (120.6158961000000005 13.95974350000000008),68.0,120.6158961,13.9597435,1
Point (120.61590680000000475 13.95970450000000085),69.0,120.6159068,13.9597045,1
Point (120.61591420000000596 13.95965239999999952),70.0,120.6159142,13.9596524,1
Point (120.61645797312880291 13.959821581190754),71.0,120.616458,13.95982158,2
Point (120.6159209000000061 13.95958150000000053),72.0,120.6159209,13.9595815,1
Point (120.61592760000000624 13.95954599999999957),73.0,120.6159276,13.959546,1
Point (120.61592330000000572 13.95950309999999916),74.0,120.6159233,13.9595031,1
Point (120.61592059999999549 13.95946080000000045),75.0,120.6159206,13.9594608,1
Point (120.61592629999999815 13.95941780000000065),76.0,120.6159263,13.9594178,1
Point (120.61593600000000492 13.95935889999999979),77.0,120.615936,13.9593589,1
Point (120.61594169999999338 13.95931889999999953),78.0,120.6159417,13.9593189,1
Point (120.61594470000000001 13.95928250000000048),79.0,120.6159447,13.9592825,1
Point (120.61596380000000295 13.95923239999999943),80.0,120.6159638,13.9592324,1
Point (120.61596350000000655 13.95919529999999931),81.0,120.6159635,13.9591953,1
Point (120.61598859999999434 13.95913960000000031),82.0,120.6159886,13.9591396,1
Point (120.61600439999999423 13.95910390000000056),83.0,120.6160044,13.9591039,1
Point (120.61600939999999582 13.95906289999999927),84.0,120.6160094,13.9590629,1
Point (120.61723701254543073 13.95048735725536027),85.0,120.617237,13.95048736,1
Point (120.6160258999999968 13.95894340000000078),86.0,120.6160259,13.9589434,1
Point (120.61605430000000183 13.95888129999999983),87.0,120.6160543,13.9588813,1
Point (120.61605939999999748 13.95884129999999956),88.0,120.6160594,13.9588413,1
Point (120.61608119999999644 13.95879339999999935),89.0,120.6160812,13.9587934,1
Point (120.61608119999999644 13.95879339999999935),90.0,120.6160812,13.9587934,1
Point (120.61608549999999696 13.95873130000000018),91.0,120.6160855,13.9587313,1
Point (120.61610559999999737 13.95869910000000047),92.0,120.6161056,13.9586991,1
Point (120.6161244000000039 13.95864480000000007),93.0,120.6161244,13.9586448,1
Point (120.61612340000000643 13.95859820000000084),94.0,120.6161234,13.9585982,1
Point (120.6161526000000066 13.95853379999999966),95.0,120.6161526,13.9585338,1
Point (120.61614249999999515 13.95851460000000088),96.0,120.6161425,13.9585146,1
Point (120.61615860000000566 13.9584621999999996),97.0,120.6161586,13.9584622,1
Point (120.61616359999999304 13.95840890000000023),98.0,120.6161636,13.9584089,1
Point (120.61619450000000597 13.95836719999999964),99.0,120.6161945,13.9583672,1
Point (120.61620270000000232 13.95833080000000059),100.0,120.6162027,13.9583308,1
Point (120.61622300000000507 13.95828460000000071),101.0,120.616223,13.9582846,1
Point (120.61623369999999511 13.95824909999999974),102.0,120.6162337,13.9582491,1
Point (120.61624650000000258 13.9581931000000008),103.0,120.6162465,13.9581931,1
Point (120.6162705999999929 13.95814730000000026),104.0,120.6162706,13.9581473,1
Point (120.6162829999999957 13.95810630000000074),105.0,120.616283,13.9581063,1
Point (120.61136647685427192 13.95774385352702573),106.0,120.6113665,13.95774385,4
Point (120.61136647685427192 13.95774385352702573),107.0,120.6113665,13.95774385,4
Point (120.59718693678810553 13.96295001278874359),108.0,120.5971869,13.96295001,4
Point (120.60317994879996206 13.96027515826781418),109.0,120.6031799,13.96027516,4
Point (120.60660055318598438 13.95961310580600312),110.0,120.6066006,13.95961311,4
Point (120.60022829824104917 13.96286819707657934),111.0,120.6002283,13.9628682,4
Point (120.60629711247432283 13.95713040907420677),112.0,120.6062971,13.95713041,4
Point (120.60389717230025042 13.95820624432465173),113.0,120.6038972,13.95820624,4
Point (120.60927634855248414 13.95666145524709023),114.0,120.6092763,13.95666146,4
Point (120.59926280506756768 13.96590260419321794),115.0,120.5992628,13.9659026,4
Point (120.61253143982305858 13.95550286343891955),116.0,120.6125314,13.95550286,4
Point (120.59680769385501264 13.96819220229031799),117.0,120.5968077,13.9681922,4
Point (120.61240505730960137 13.95363148313957424),118.0,120.6124051,13.95363148,4
Point (120.59801063067224902 13.97009044905559527),119.0,120.5980106,13.97009045,4
Point (120.59737979922599038 13.97376074110655431),120.0,120.5973798,13.97376074,4
Point (120.60856272031874425 13.9515669438609109),121.0,120.6085627,13.95156694,4
Point (120.60162357440991343 13.9562121572379052),122.0,120.6016236,13.95621216,4
Point (120.59594609139358568 13.97490770737247878),123.0,120.5959461,13.97490771,4
Point (120.60311463055560921 13.95259921350024257),124.0,120.6031146,13.95259921,4
Point (120.60517916983427256 13.95437701121242569),125.0,120.6051792,13.95437701,4
Point (120.59617548464676418 13.9627498649536772),126.0,120.5961755,13.96274986,4
Point (120.59003921512406521 13.96521584242541536),127.0,120.5900392,13.96521584,4
Point (120.59697836103291024 13.95730177519053328),128.0,120.5969784,13.95730178,4
Point (120.59428299030798826 13.96888613447637439),129.0,120.594283,13.96888613,4
Point (120.59290663078887462 13.96825530303011575),130.0,120.5929066,13.9682553,4
Point (120.58998186681077414 13.97077862881515031),131.0,120.5899819,13.97077863,4
Point (120.59407635009789317 13.96111843184619516),132.0,120.5940764,13.96111843,4
Point (120.5925743831362098 13.95590572297915699),133.0,120.5925744,13.95590572,4
Point (120.5901005551993137 13.97428273051041003),134.0,120.5901006,13.97428273,4
Point (120.59071901218354128 13.95811449792281778),135.0,120.590719,13.9581145,4
Point (120.59363459510916528 13.95254838506479445),136.0,120.5936346,13.95254839,4
Point (120.59328119111818012 13.97198560456900296),137.0,120.5932812,13.9719856,4
Point (120.59239768114072433 13.97764006842477258),138.0,120.5923977,13.97764007,4
Point (120.5901005551993137 13.95484551100619974),139.0,120.5901006,13.95484551,4
Point (120.61103974166520914 13.97525459148561922),140.0,120.6110397,13.97525459,4
Point (120.61181566472613724 13.97717620604076494),141.0,120.6118157,13.97717621,4
Point (120.59918147204841432 13.97479072910161335),142.0,120.5991815,13.97479073,4
Point (120.61066710175543903 13.95862249651402287),143.0,120.6106671,13.9586225,4
Point (120.61561475762923124 13.95314473465374583),144.0,120.6156148,13.95314473,4
Point (120.6130525786945924 13.95120101270332391),145.0,120.6130526,13.95120101,4
Point (120.6130525786945924 13.95826909252303594),146.0,120.6130526,13.95826909,4
Point (120.60463418607582753 13.95170146383796883),147.0,120.6046342,13.95170146,4
Point (120.61515671668095706 13.95511857429221259),148.0,120.6151567,13.95511857,4
Point (120.60891913410576137 13.95842720504949597),149.0,120.6089191,13.95842721,4
Point (120.59980683956111136 13.95392529762565026),150.0,120.5998068,13.9539253,4
Point (120.6011628357731098 13.95067090671684618),151.0,120.6011628,13.95067091,4
Point (120.59682364789469489 13.9546304156558918),152.0,120.5968236,13.95463042,4
Point (120.60052133302242794 13.96714406648929518),153.0,120.6005213,13.96714407,4
Point (120.60743094549863486 13.98009320363737906),154.0,120.6074309,13.9800932,4
Point (120.59559106680615059 13.98031872513628393),155.0,120.5955911,13.98031873,4
Point (120.58848713959065435 13.97828903164614367),156.0,120.5884871,13.97828903,4
Point (120.60066530053150302 13.98009320363737906),157.0,120.6006653,13.9800932,4
Point (120.61284346147233748 13.97862731389450097),158.0,120.6128435,13.97862731,4
Point (120.58916370408736896 13.96193872297557448),159.0,120.5891637,13.96193872,4
Point (120.6122796577250682 13.98031872513628393),160.0,120.6122797,13.98031873,4
Point (120.6158880017075461 13.98043148588573636),161.0,120.615888,13.98043149,4
Point (120.62006014943727905 13.98088252888354432),162.0,120.6200601,13.98088253,4
Point (120.61836873819548543 13.97919111764176137),163.0,120.6183687,13.97919112,4
Point (120.60867131374260453 13.95381994901501699),164.0,120.6086713,13.95381995,4
Point (120.61537057490326674 13.95777520431332697),165.0,120.6153706,13.9577752,3
Point (120.6152274543433407 13.95803282132118994),166.0,120.6152275,13.95803282,3
Point (120.615324776324087 13.95758628517422828),167.0,120.6153248,13.95758629,3
Point (120.61540492383764445 13.9570710511585041),168.0,120.6154049,13.95707105,3
Point (120.61634379471071554 13.95602770227666412),169.0,120.6163438,13.9560277,3
Point (120.61522459193210466 13.95748037595988222),170.0,120.6152246,13.95748038,3
Point (120.61515589406333504 13.95760632205261409),171.0,120.6151559,13.95760632,3
Point (120.61528899618409127 13.95772081850054747),172.0,120.615289,13.95772082,3
Point (120.6154034926319838 13.95817307946990127),173.0,120.6154035,13.95817308,3
Point (120.61531189547363851 13.95825322698345694),174.0,120.6153119,13.95825323,3
Point (120.61532048270723294 13.95796984827480713),175.0,120.6153205,13.95796985,3
Point (120.6153433819968086 13.95837631066498297),176.0,120.6153434,13.95837631,3
Point (120.61526681249723936 13.9583219248522088),177.0,120.6152668,13.95832192,3
Point (120.61500347066697714 13.95762922134218442),178.0,120.6150035,13.95762922,3
Point (120.61519811462848395 13.95785535182686132),179.0,120.6151981,13.95785535,3
Point (120.61526681249721094 13.95814445535790504),180.0,120.6152668,13.95814446,3
Point (120.61531261107639068 13.95845645817853509),181.0,120.6153126,13.95845646,3
Point (120.61530688625397545 13.9586768638408163),182.0,120.6153069,13.95867686,3
Point (120.61528810168042014 13.9589996007034518),183.0,120.6152881,13.9589996,3
Point (120.61533103784839227 13.95882785603154552),184.0,120.615331,13.95882786,3
Point (120.61525804636285386 13.95887937943311741),185.0,120.615258,13.95887938,3
Point (120.61526233997965107 13.95870763476121112),186.0,120.6152623,13.95870763,3
Point (120.61651980352917235 13.9557371152600922),187.0,120.6165198,13.95573712,3
Point (120.61672594696568694 13.95558250768270447),188.0,120.6167259,13.95558251,3
Point (120.61699006824372304 13.95551808785879189),189.0,120.6169901,13.95551809,3
Point (120.61699006824372304 13.95551808785879189),190.0,120.6169901,13.95551809,3
Point (120.61626212423352911 13.95580153508400301),191.0,120.6162621,13.95580154,3
Point (120.61592714114918579 13.95611075023878023),192.0,120.6159271,13.95611075,3
Point (120.61730572538091621 13.9555631817355259),193.0,120.6173057,13.95556318,3
Point (120.61740879709918772 13.95538924821096494),194.0,120.6174088,13.95538925,3
Point (120.61767291837722382 13.95526685054553262),195.0,120.6176729,13.95526685,3
Point (120.61787261983134556 13.95518310477444679),196.0,120.6178726,13.9551831,3
Point (120.61727351546896614 13.9554343420877025),197.0,120.6172735,13.95543434,3
Point (120.61676943034684939 13.9556517589934046),198.0,120.6167694,13.95565176,3
Point (120.61688780177328795 13.95556841584621921),199.0,120.6168878,13.95556842,3
Point (120.61567026710135053 13.95629313886521849),200.0,120.6156703,13.95629314,3
Point (120.61532723153899838 13.95699853593704454),201.0,120.6153272,13.95699854,3
Point (120.61687330731285783 13.95545246016317797),202.0,120.6168733,13.95545246,3
Point (120.61540453532769845 13.95672314118982449),203.0,120.6154045,13.95672314,3
Point (120.61540936681448954 13.95679561349172459),204.0,120.6154094,13.95679561,3
Point (120.61524751200680328 13.95918840732603705),205.0,120.6152475,13.95918841,3
Point (120.6151750397049085 13.959512116941168),206.0,120.615175,13.95951212,3
Point (120.61508807294264045 13.95938166679775705),207.0,120.6150881,13.95938167,3
Point (120.61530548984832478 13.95967638749212902),208.0,120.6153055,13.95967639,3
Point (120.61532964728228023 13.95982616358271322),209.0,120.6153296,13.95982616,3
Point (120.61537796215021956 13.96000492859405462),210.0,120.615378,13.96000493,3
Point (120.61541661404454828 13.96027066036766762),211.0,120.6154166,13.96027066,3
Point (120.61536105194646495 13.96038420030730265),212.0,120.6153611,13.9603842,3
Point (120.61535622045965965 13.96036487436013118),213.0,120.6153562,13.96036487,3
Point (120.61537313066344268 13.96012088427708342),214.0,120.6153731,13.96012088,3
Point (120.61524509626342194 13.96060161721298698),215.0,120.6152451,13.96060162,3
Point (120.61508807294254098 13.96075139330355519),216.0,120.6150881,13.96075139,3
Point (120.61510256740291425 13.96087218047338041),217.0,120.6151026,13.96087218,3
Point (120.61531998430859858 13.96050015599031902),218.0,120.61532,13.96050016,3
Point (120.61500593766704981 13.96094706851866363),219.0,120.6150059,13.96094707,3
Point (120.61522335457273414 13.96096639446583509),220.0,120.6152234,13.96096639,3
Point (120.61509048868593652 13.96105819271490311),221.0,120.6150905,13.96105819,3
Point (120.61516537673122684 13.96062819039032554),222.0,120.6151654,13.96062819,3
Point (120.61503251084432975 13.96100987784695846),223.0,120.6150325,13.96100988,3
Point (120.61506391550850026 13.95927054260148026),224.0,120.6150639,13.95927054,3
Point (120.61524268051984166 13.95924638516751592),225.0,120.6152427,13.95924639,3
Point (120.61499627469339657 13.95938408254111529),226.0,120.6149963,13.95938408,3
Point (120.61525475923683359 13.95969329769586764),227.0,120.6152548,13.9596933,3
Point (120.6150977359160521 13.95966189303171312),228.0,120.6150977,13.95966189,3
Point (120.61504942104812699 13.9594372288958386),229.0,120.6150494,13.95943723,3
Point (120.61515571375757361 13.95935750936375364),230.0,120.6151557,13.95935751,3
Point (120.61525234349343805 13.95938891402790993),231.0,120.6152523,13.95938891,3
Point (120.61525959072362468 13.95847697089572748),232.0,120.6152596,13.95847697,3
Point (120.61258053129689927 13.96033830118272512),233.0,120.6125805,13.9603383,3
Point (120.61239451905538544 13.9601740306317641),234.0,120.6123945,13.96017403,3
Point (120.61241626074594535 13.96005082771854333),235.0,120.6124163,13.96005083,3
Point (120.61253704791577945 13.96001942305438881),236.0,120.612537,13.96001942,3
Point (120.61181232489681747 13.95996386095626818),237.0,120.6118123,13.95996386,3
Point (120.61252496919878752 13.96054847085822281),238.0,120.612525,13.96054847,3
Point (120.61219642809686547 13.96031655949215811),239.0,120.6121964,13.96031656,3
Point (120.6125708683233313 13.95983582655625455),240.0,120.6125709,13.95983583,3
Point (120.61234137270065503 13.95979959040530716),241.0,120.6123414,13.95979959,3
Point (120.612297889319521 13.96033588543932957),242.0,120.6122979,13.96033589,3
Point (120.61268440826296455 13.96057262829218715),243.0,120.6126844,13.96057263,3
Point (120.6124186764893409 13.96041318922801722),244.0,120.6124187,13.96041319,3
Point (120.61227373188555134 13.96004358048835314),245.0,120.6122737,13.96004358,3
Point (120.61187271848173452 13.95998801839023429),246.0,120.6118727,13.95998802,3
Point (120.61204665200628483 13.960099142586472),247.0,120.6120467,13.96009914,3
Point (120.61215777620252254 13.96028757057139913),248.0,120.6121578,13.96028757,3
Point (120.61212878728176179 13.95992279331852792),249.0,120.6121288,13.95992279,3
Point (120.61280761117615157 13.95967880323548194),250.0,120.6128076,13.9596788,3
Point (120.61291873537238928 13.95976576999775531),251.0,120.6129187,13.95976577,3
Point (120.61326660242147568 13.95969329769586054),252.0,120.6132666,13.9596933,3
Point (120.61350334527433859 13.95982857932606436),253.0,120.6135033,13.95982858,3
Point (120.61199108990813045 13.95972228661661951),254.0,120.6119911,13.95972229,3
Point (120.61264334062518344 13.95967397174868907),255.0,120.6126433,13.95967397,3
Point (120.61245974412705095 13.9596546458015176),256.0,120.6124597,13.95965465,3
Point (120.61289940942521071 13.95960149944679429),257.0,120.6128994,13.9596015,3
Point (120.61309750038373068 13.95961116242038003),258.0,120.6130975,13.95961116,3
Point (120.61364828987814235 13.95991796183173506),259.0,120.6136483,13.95991796,3
Point (120.61335840067056324 13.9597271181034106),260.0,120.6133584,13.95972712,3
Point (120.61345019891962238 13.95978268020153124),261.0,120.6134502,13.95978268,3
Point (120.61375941407438006 13.96004116474495582),262.0,120.6137594,13.96004116,3
Point (120.61370868346304519 13.95998560264683697),263.0,120.6137087,13.9599856,3
Point (120.61380289745551408 13.96011605279024792),264.0,120.6138029,13.96011605,3
Point (120.61383671786298066 13.96023804783176026),265.0,120.6138367,13.96023805,3
Point (120.61377874002145916 13.96018006999024408),266.0,120.6137787,13.96018007,3
Point (120.61388261698751023 13.96043613879027312),267.0,120.6138826,13.96043614,3
Point (120.61386570678374142 13.96028153121289783),268.0,120.6138657,13.96028153,3
Point (120.61387053827053251 13.96035883500158548),269.0,120.6138705,13.96035884,3
Point (120.61387053827053251 13.96035641925818993),270.0,120.6138705,13.96035642,3
Point (120.61226286104016481 13.96039084360158711),271.0,120.6122629,13.96039084,3
Point (120.61214207387034492 13.96019275264307424),272.0,120.6121421,13.96019275,3
Point (120.613978038851684 13.9605551141525499),273.0,120.613978,13.96055511,3
Point (120.61397320736489291 13.96045848441668902),274.0,120.6139732,13.96045848,3
Point (120.61355769950068861 13.95990286343549514),275.0,120.6135577,13.95990286,3
Point (120.6121517368439271 13.95986904302794329),276.0,120.6121517,13.95986904,3
Point (120.61220005171185221 13.95976758180529131),277.0,120.6122001,13.95976758,3
Point (120.61214207387034492 13.96032803427327806),278.0,120.6121421,13.96032803,3
Point (120.61225319806658263 13.96042466400913895),279.0,120.6122532,13.96042466,3
Point (120.61239814267037218 13.96045365292989615),280.0,120.6123981,13.96045365,3
Point (120.61257690768171358 13.96053578820537844),281.0,120.6125769,13.96053579,3
Point (120.61269286336474238 13.96075320511106277),282.0,120.6126929,13.96075321,3
Point (120.61279432458739791 13.96086916079409512),283.0,120.6127943,13.96086916,3
Point (120.61304556190063408 13.96104792580543652),284.0,120.6130456,13.96104793,3
Point (120.6128523024289052 13.96089814971485232),285.0,120.6128523,13.96089815,3
Point (120.61276050417984607 13.9607483736242699),286.0,120.6127605,13.96074837,3
Point (120.61227252401374699 13.96039084360158711),287.0,120.6122725,13.96039084,3
Point (120.61282693712324487 13.95978932349585833),288.0,120.6128269,13.95978932,3
Point (120.61264454849677463 13.96115059489978805),289.0,120.6126445,13.96115059,3
Point (120.61242230010429921 13.96115059489978805),290.0,120.6124223,13.96115059,3
Point (120.61225802955333108 13.96116025787337378),291.0,120.612258,13.96116026,3
Point (120.61209375900237717 13.96114093192620231),292.0,120.6120938,13.96114093,3
Point (120.61197780331933416 13.96111194300544334),293.0,120.6119778,13.96111194,3
Point (120.61187151060988754 13.9610732911111004),294.0,120.6118715,13.96107329,3
Point (120.61153330653438331 13.96098632434882525),295.0,120.6115333,13.96098632,3
Point (120.61133038408907225 13.96090902056013761),296.0,120.6113304,13.96090902,3
Point (120.61105982082867172 13.96089935758655187),297.0,120.6110598,13.96089936,3
Point (120.6107119537795711 13.96095733542806805),298.0,120.610712,13.96095734,3
Point (120.61049936836067786 13.96096699840165378),299.0,120.6104994,13.960967,3
Point (120.61060566107012448 13.96096699840165378),300.0,120.6106057,13.960967,3
Point (120.61081824648901772 13.96097666137523952),301.0,120.6108182,13.96097666,3
Point (120.61094386514564292 13.96097666137523952),302.0,120.6109439,13.96097666,3
Point (120.61120476543246127 13.96099598732241098),303.0,120.6112048,13.96099599,3
Point (120.61142701382493669 13.96103463921675569),304.0,120.611427,13.96103464,3
Point (120.6116589251909943 13.9610732911111004),305.0,120.6116589,13.96107329,3
Point (120.61203578116085566 13.96113126895261658),306.0,120.6120358,13.96113127,3
Point (120.61214207387030228 13.96111194300544334),307.0,120.6121421,13.96111194,3
Point (120.6123643222627777 13.96116025787337378),308.0,120.6123643,13.96116026,3
Point (120.6126058966024317 13.96123756166206142),309.0,120.6126059,13.96123756,3
Point (120.60813193983209146 13.96117958382053992),310.0,120.6081319,13.96117958,3
Point (120.60784205062451235 13.96124722463564183),311.0,120.6078421,13.96124722,3
Point (120.60763912817920129 13.96133419139791698),312.0,120.6076391,13.96133419,3
Point (120.60733957599804 13.96155643979039418),313.0,120.6073396,13.96155644,3
Point (120.60715597949990752 13.9616627324998408),314.0,120.607156,13.96166273,3
Point (120.60714631652631113 13.96167239547342653),315.0,120.6071463,13.9616724,3
Point (120.60694339408101428 13.96176902520928742),316.0,120.6069434,13.96176903,3
Point (120.60657620108473509 13.96197194765459315),317.0,120.6065762,13.96197195,3
Point (120.60618968214130575 13.96212655523196844),318.0,120.6061897,13.96212656,3
Point (120.60607372645826274 13.96221352199424359),319.0,120.6060737,13.96221352,3
Point (120.6055132739902831 13.96232947767727417),320.0,120.6055133,13.96232948,3
Point (120.60546495912235798 13.96234880362444741),321.0,120.605465,13.9623488,3
Point (120.60530068857138986 13.96241644443954932),322.0,120.6053007,13.96241644,3
Point (120.60532967749215061 13.96240678146596359),323.0,120.6053297,13.96240678,3
Point (120.60541664425441866 13.96236812957161888),324.0,120.6054166,13.96236813,3
Point (120.60576451130351927 13.96230048875651697),325.0,120.6057645,13.96230049,3
Point (120.60599642266957687 13.96219419604707035),326.0,120.6059964,13.9621942,3
Point (120.60618001916770936 13.96213621820555417),327.0,120.60618,13.96213622,3
Point (120.60646024540170629 13.96202992549610933),328.0,120.6064602,13.96202993,3
Point (120.60658586405833148 13.96197194765459315),329.0,120.6065859,13.96197195,3
Point (120.60684676434514984 13.96193329576024844),330.0,120.6068468,13.9619333,3
Point (120.60684676434514984 13.96193329576024844),331.0,120.6068468,13.9619333,3
Point (120.60694339408101428 13.9618559919715608),332.0,120.6069434,13.96185599,3
Point (120.60696272002817864 13.96184632899797506),333.0,120.6069627,13.96184633,3
Point (120.60708833868480383 13.96179801413004462),334.0,120.6070883,13.96179801,3
Point (120.60719463139425045 13.96173037331494271),335.0,120.6071946,13.96173037,3
Point (120.60746519465465099 13.96159509168473889),336.0,120.6074652,13.96159509,3
Point (120.6076971060207228 13.96148879897529227),337.0,120.6076971,13.9614888,3
Point (120.60791935441319822 13.96138250626584565),338.0,120.6079194,13.96138251,3
Point (120.60818025470001658 13.96124722463564183),339.0,120.6081803,13.96124722,3
Point (120.60819958064719515 13.96124722463564183),340.0,120.6081996,13.96124722,3
Point (120.60810295091133071 13.96126655058281507),341.0,120.608103,13.96126655,3
Point (120.60793868036036258 13.96129553950357227),342.0,120.6079387,13.96129554,3
Point (120.60777440980940867 13.96132452842433125),343.0,120.6077744,13.96132453,3
Point (120.60761980223203693 13.96140183221301889),344.0,120.6076198,13.96140183,3
Point (120.60741687978672587 13.96148879897529227),345.0,120.6074169,13.9614888,3
Point (120.60725260923575775 13.96159509168473889),346.0,120.6072526,13.96159509,3
Point (120.60693373110741788 13.96162408060549609),347.0,120.6069337,13.96162408,3
Point (120.60661485297909223 13.9618270030508036),348.0,120.6066149,13.961827,3
Point (120.61020947915304191 13.96091868353371801),349.0,120.6102095,13.96091868,3
Point (120.60852812174907456 13.96116992084695418),350.0,120.6085281,13.96116992,3
Point (120.61035442375681725 13.96089935758653944),351.0,120.6103544,13.96089936,3
Point (120.61011284941716326 13.96092834650729841),352.0,120.6101128,13.96092835,3
Point (120.60986161210392709 13.96092834650729841),353.0,120.6098616,13.96092835,3
Point (120.60946543018690136 13.96099598732240032),354.0,120.6094654,13.96099599,3
Point (120.60919486692650082 13.96109261705825944),355.0,120.6091949,13.96109262,3
Point (120.60896295556042901 13.96111194300543268),356.0,120.608963,13.96111194,3
Point (120.60872138122077502 13.96116992084694708),357.0,120.6087214,13.96116992,3
Point (120.60836385119809222 13.96121823571487752),358.0,120.6083639,13.96121824,3
Point (120.60865374040568554 13.96120857274129179),359.0,120.6086537,13.96120857,3
Point (120.60893396663966826 13.96116992084694708),360.0,120.608934,13.96116992,3
Point (120.60919486692650082 13.96112160597901841),361.0,120.6091949,13.96112161,3
Point (120.60951374505482647 13.9610829540846737),362.0,120.6095137,13.96108295,3
Point (120.6096780156057946 13.96111194300543268),363.0,120.609678,13.96111194,3
Point (120.60990992697186641 13.96100565029598606),364.0,120.6099099,13.96100565,3
Point (120.61031577186247432 13.96096699840164135),365.0,120.6103158,13.960967,3
Point (120.60992925291903077 13.96095733542805561),366.0,120.6099293,13.96095734,3
Point (120.60331253175598931 13.96559924993661816),367.0,120.6033125,13.96559925,3
Point (120.60333185770316788 13.96596644293288492),368.0,120.6033319,13.96596644,3
Point (120.60340916149185375 13.96633363592915344),369.0,120.6034092,13.96633364,3
Point (120.60371837664661143 13.96735791112926961),370.0,120.6037184,13.96735791,3
Point (120.60354444312206112 13.96836286038221431),371.0,120.6035444,13.96836286,3
Point (120.60327387986164638 13.96898129069171901),372.0,120.6032739,13.96898129,3
Point (120.60327387986164638 13.96898129069171901),373.0,120.6032739,13.96898129,3
Point (120.60344781338619669 13.9686914014841399),374.0,120.6034478,13.9686914,3
Point (120.60356376906922549 13.96845949011807519),375.0,120.6035638,13.96845949,3
Point (120.60366039880508993 13.96822757875201049),376.0,120.6036604,13.96822758,3
Point (120.60366039880508993 13.9680729711746352),377.0,120.6036604,13.96807297,3
Point (120.60362174691074699 13.96776375601988285),378.0,120.6036217,13.96776376,3
Point (120.60360242096356842 13.96758982249533432),379.0,120.6036024,13.96758982,3
Point (120.60348646528053962 13.96733858518209814),380.0,120.6034865,13.96733859,3
Point (120.60340916149185375 13.96714532571037815),381.0,120.6034092,13.96714533,3
Point (120.60325455391448202 13.96679745866128286),382.0,120.6032546,13.96679746,3
Point (120.60329320580882495 13.96567655372530581),383.0,120.6032932,13.96567655,3
Point (120.60329320580882495 13.96561857588378963),384.0,120.6032932,13.96561858,3
Point (120.60323522796730344 13.9660630726687458),385.0,120.6032352,13.96606307,3
Point (120.60329320580882495 13.96631430998198198),386.0,120.6032932,13.96631431,3
Point (120.60337050959751082 13.96673948081976668),387.0,120.6033705,13.96673948,3
Point (120.60348646528053962 13.9670680219216905),388.0,120.6034865,13.96706802,3
Point (120.60368938772586489 13.96345890128731249),389.0,120.6036894,13.9634589,3
Point (120.60349612825415022 13.96390339807226866),390.0,120.6034961,13.9639034,3
Point (120.60336084662394285 13.96452182838177336),391.0,120.6033608,13.96452183,3
Point (120.60314826120504961 13.96504362895541718),392.0,120.6031483,13.96504363,3
Point (120.60307095741636374 13.96587464468381334),393.0,120.603071,13.96587464,3
Point (120.60316758715222818 13.96666700851786658),394.0,120.6031676,13.96666701,3
Point (120.60332219472959991 13.96734341666888746),395.0,120.6033222,13.96734342,3
Point (120.60332219472959991 13.96765263182363803),396.0,120.6033222,13.96765263,3
Point (120.60359275799001466 13.96821308429162656),397.0,120.6035928,13.96821308,3
Point (120.60359275799001466 13.96776858750667039),398.0,120.6035928,13.96776859,3
Point (120.60345747635980729 13.96738206856323039),399.0,120.6034575,13.96738207,3
Point (120.60320623904657111 13.96682161609524186),400.0,120.6032062,13.96682162,3
Point (120.60301297957485644 13.96637711931028569),401.0,120.603013,13.96637712,3
Point (120.60324489094091405 13.96529486626865335),402.0,120.6032449,13.96529487,3
Point (120.60326421688809262 13.96506295490258864),403.0,120.6032642,13.96506295,3
Point (120.60347680230698586 13.96467643595914865),404.0,120.6034768,13.96467644,3
Point (120.60363140988435759 13.9643672208043963),405.0,120.6036314,13.96436722,3
Point (120.60455905534861643 13.96285979692498103),406.0,120.6045591,13.9628598,3
Point (120.60446242561275199 13.96295642666084014),407.0,120.6044624,13.96295643,3
Point (120.60394062503910106 13.96347822723448395),408.0,120.6039406,13.96347823,3
Point (120.6038053434089079 13.96355553102317337),409.0,120.6038053,13.96355553,3
Point (120.60367006177870053 13.96413530943833337),410.0,120.6036701,13.96413531,3
Point (120.60355410609567173 13.96432856891005336),411.0,120.6035541,13.96432857,3
Point (120.60339949851828578 13.964599132170461),412.0,120.6033995,13.96459913,3
Point (120.60287769794464907 13.96469576190632189),413.0,120.6028777,13.96469576,3
Point (120.6050422040279102 13.96251192987588396),414.0,120.6050422,13.96251193,3
Point (120.60498422618640291 13.96256990771740014),415.0,120.6049842,13.96256991,3
Point (120.60471366292598816 13.96274384124194867),416.0,120.6047137,13.96274384,3
Point (120.60432714398254461 13.96307238234387249),417.0,120.6043271,13.96307238,3
Point (120.60405658072214408 13.96367148670620395),418.0,120.6040566,13.96367149,3
Point (120.60384399530325084 13.96396137591378483),419.0,120.603844,13.96396138,3
Point (120.60378601746172933 13.96425126512136572),420.0,120.603786,13.96425127,3
Point (120.60341882446546435 13.96546879979320188),421.0,120.6034188,13.9654688,3
Point (120.60341882446546435 13.96546879979320188),422.0,120.6034188,13.9654688,3
Point (120.60338017257112142 13.96514025869127806),423.0,120.6033802,13.96514026,3
Point (120.60338017257112142 13.96502430300824571),424.0,120.6033802,13.9650243,3
Point (120.60339949851828578 13.96471508785349336),425.0,120.6033995,13.96471509,3
Point (120.60347680230698586 13.96461845811763247),426.0,120.6034768,13.96461846,3
Point (120.60448175155993056 13.96289844881932396),427.0,120.6044818,13.96289845,3
Point (120.60477164076750967 13.96264721150608779),428.0,120.6047716,13.96264721,3
Point (120.60510018186943171 13.96239597419285161),429.0,120.6051002,13.96239597,3
Point (120.60525478944680344 13.96222204066830308),430.0,120.6052548,13.96222204,3
Point (120.60506152997508877 13.96235732229850868),431.0,120.6050615,13.96235732,3
Point (120.60484894455619553 13.96247327798153925),432.0,120.6048489,13.96247328,3
Point (120.60444309966557341 13.96274384124194867),433.0,120.6044431,13.96274384,3
Point (120.60436579587688755 13.96287912287215249),434.0,120.6043658,13.96287912,3
Point (120.60417253640517288 13.96313036018538867),435.0,120.6041725,13.96313036,3
Point (120.60405658072214408 13.96320766397407631),436.0,120.6040566,13.96320766,3
Point (120.60405658072214408 13.96320766397407631),437.0,120.6040566,13.96320766,3
Point (120.60394062503910106 13.96396137591378483),438.0,120.6039406,13.96396138,3
Point (120.6038633212504152 13.96413530943833337),439.0,120.6038633,13.96413531,3
Point (120.60382466935607226 13.96434789485722483),440.0,120.6038247,13.96434789,3
Point (120.60372803962022203 13.96461845811763247),441.0,120.603728,13.96461846,3
Point (120.60363140988435759 13.96483104353652571),442.0,120.6036314,13.96483104,3
Point (120.60357343204283609 13.96508228084976189),443.0,120.6035734,13.96508228,3
Point (120.60180769730085615 13.97569784679261495),444.0,120.6018077,13.97569785,3
Point (120.60188500108954202 13.97546593542655025),445.0,120.601885,13.97546594,3
Point (120.60209758650843526 13.97480885322270261),446.0,120.6020976,13.97480885,3
Point (120.60234882382167143 13.97424840075471408),447.0,120.6023488,13.9742484,3
Point (120.60252275734622174 13.97337873313197321),448.0,120.6025228,13.97337873,3
Point (120.60232949787450707 13.97362997044520938),449.0,120.6023295,13.97362997,3
Point (120.60240680166319294 13.9740164893886476),450.0,120.6024068,13.97401649,3
Point (120.6022521940858212 13.97451896401511995),451.0,120.6022522,13.97451896,3
Point (120.6022521940858212 13.97513739432462465),452.0,120.6022522,13.97513739,3
Point (120.60229084598016414 13.97548526137371994),453.0,120.6022908,13.97548526,3
Point (120.60232949787450707 13.97594908410584935),454.0,120.6023295,13.97594908,3
Point (120.60232949787450707 13.97656751441535228),455.0,120.6023295,13.97656751,3
Point (120.60232949787450707 13.9772632485135464),456.0,120.6023295,13.97726325,3
Point (120.60213623840277819 13.97784302692870639),457.0,120.6021362,13.97784303,3
Point (120.60256140924056467 13.97850010913255403),458.0,120.6025614,13.97850011,3
Point (120.6031991654972586 13.9692623063843282),459.0,120.6031992,13.96926231,3
Point (120.60317983955009424 13.9692623063843282),460.0,120.6031798,13.96926231,3
Point (120.60310253576140838 13.9694555658560482),461.0,120.6031025,13.96945557,3
Point (120.60304455791988687 13.96961017343342348),462.0,120.6030446,13.96961017,3
Point (120.602967254131201 13.9697454550636273),463.0,120.6029673,13.96974546,3
Point (120.6029092762896795 13.96999669237686348),464.0,120.6029093,13.96999669,3
Point (120.60287062439533656 13.97005467021837966),465.0,120.6028706,13.97005467,3
Point (120.6027933206066507 13.97053781889768054),466.0,120.6027933,13.97053782,3
Point (120.60275466871230776 13.970750404316572),467.0,120.6027547,13.9707504,3
Point (120.60269669087078626 13.97096298973546524),468.0,120.6026967,13.97096299,3
Point (120.60267736492362189 13.971136923260012),469.0,120.6026774,13.97113692,3
Point (120.60265803897644332 13.97117557515435671),470.0,120.602658,13.97117558,3
Point (120.60265803897644332 13.97125287894304435),471.0,120.602658,13.97125288,3
Point (120.60261938708210039 13.9713688346260767),472.0,120.6026194,13.97136883,3
Point (120.60248410545189302 13.97179400546386141),473.0,120.6024841,13.97179401,3
Point (120.60244545355755008 13.97192928709406523),474.0,120.6024455,13.97192929,3
Point (120.60252275734623595 13.97241243577336611),475.0,120.6025228,13.97241244,3
Point (120.60252275734623595 13.97264434713942904),476.0,120.6025228,13.97264435,3
Point (120.60248410545189302 13.97285693255832228),477.0,120.6024841,13.97285693,3
Point (120.60240680166320715 13.97316614771307464),478.0,120.6024068,13.97316615,3
Point (120.61688193609505504 13.95778752525094113),479.0,120.6168819,13.95778753,2
Point (120.6167853063591906 13.95799527918303973),480.0,120.6167853,13.95799528,2
Point (120.61669350811011725 13.95810157189248635),481.0,120.6166935,13.95810157,2
Point (120.61676598041201203 13.95794213282831642),482.0,120.616766,13.95794213,2
Point (120.61684328420069789 13.95776819930376789),483.0,120.6168433,13.9577682,2
Point (120.61730227544603622 13.95691302614140739),484.0,120.6173023,13.95691303,2
Point (120.61675631743841564 13.95817404419437402),485.0,120.6167563,13.95817404,2
Point (120.61723463463091832 13.95713044304708461),486.0,120.6172346,13.95713044,2
Point (120.61601468421559957 13.95599504365070942),487.0,120.6160147,13.95599504,3
Point (120.61639154018546094 13.95581144715257516),488.0,120.6163915,13.95581145,3
Point (120.61614030287222477 13.95596605472995044),489.0,120.6161403,13.95596605,3
Point (120.61635409616266656 13.9598070867303754),490.0,120.6163541,13.95980709,2
Point (120.61637342210983093 13.95975877186244496),491.0,120.6163734,13.95975877,2
Point (120.6163927480570095 13.95965247915299834),492.0,120.6163927,13.95965248,2
Point (120.616450725898531 13.95948820860203732),493.0,120.6164507,13.95948821,2
Point (120.61647005184569537 13.95937225291900496),494.0,120.6164701,13.95937225,2
Point (120.61658600752872417 13.95909202668500981),495.0,120.616586,13.95909203,2
Point (120.61663432239666349 13.95904371181708115),496.0,120.6166343,13.95904371,2
Point (120.61680825592119959 13.95831898879812982),497.0,120.6168083,13.95831899,2
Point (120.61675027807969229 13.95848325934909262),498.0,120.6167503,13.95848326,2
Point (120.61669230023817079 13.95874415963591453),499.0,120.6166923,13.95874416,2
Point (120.61671162618534936 13.95867651882081262),500.0,120.6167116,13.95867652,2
Point (120.61667297429100643 13.95857988908495173),501.0,120.616673,13.95857989,2
Point (120.61669230023817079 13.95844460745474791),502.0,120.6166923,13.95844461,2
Point (120.61623946150706388 13.96031731910361273),507.0,120.6162395,13.96031732,2
Point (120.61519586035973362 13.95724449350326779),510.0,120.6151959,13.95724449,3
Point (120.61524417522767294 13.95706089700513353),511.0,120.6152442,13.9570609,3
Point (120.61530215306918024 13.95721550458250881),512.0,120.6153022,13.9572155,3
Point (120.61792081891103123 13.95631684803900718),513.0,120.6179208,13.95631685,2
Point (120.61815273027708884 13.95600763288425483),514.0,120.6181527,13.95600763,2
Point (120.61842329353750358 13.95554381015212542),515.0,120.6184233,13.95554381,2
Point (120.61884846437527585 13.95484807605393307),516.0,120.6188485,13.95484808,2
Point (120.61888711626961879 13.95484807605393307),517.0,120.6188871,13.95484808,2
Point (120.61869385679790412 13.95523459499737307),518.0,120.6186939,13.95523459,2
Point (120.61861655300921825 13.95529257283888924),519.0,120.6186166,13.95529257,2
Point (120.61855857516769674 13.95535055068040542),520.0,120.6185586,13.95535055,2
Point (120.61842329353750358 13.95554381015212542),521.0,120.6184233,13.95554381,2
Point (120.6183459897488035 13.95571774367667395),522.0,120.618346,13.95571774,2
Point (120.6182300340657747 13.95581437341253483),523.0,120.61823,13.95581437,2
Point (120.61817205622426741 13.95585302530687777),524.0,120.6181721,13.95585303,2
Point (120.61813340432991026 13.95596898098991012),525.0,120.6181334,13.95596898,2
Point (120.61807542648840297 13.9560269588314263),526.0,120.6180754,13.95602696,2
Point (120.61795947080537417 13.95612358856728541),527.0,120.6179595,13.95612359,2
Point (120.61782418917516679 13.95637482588052158),528.0,120.6178242,13.95637483,2
Point (120.61772755943930235 13.95651010751072718),529.0,120.6177276,13.95651011,2
Point (120.61766958159779506 13.95660673724658629),530.0,120.6176696,13.95660674,2
Point (120.61634937783156829 13.96014761313000108),531.0,120.6163494,13.96014761,2
Point (120.61631072593722536 13.96022491691868872),532.0,120.6163107,13.96022492,2
Point (120.61630106296364318 13.9602828947602049),533.0,120.6163011,13.96028289,2
Point (120.6162817370164646 13.96034087260172107),534.0,120.6162817,13.96034087,2
Point (120.61625274809570385 13.96043750233758196),535.0,120.6162527,13.9604375,2
Point (120.61624308512212167 13.96046649125833916),536.0,120.6162431,13.96046649,2
Point (120.61618510728060016 13.96055345802061431),537.0,120.6161851,13.96055346,2
Point (120.6161657813334358 13.96060177288854298),538.0,120.6161658,13.96060177,2
Point (120.61612712943909287 13.96064042478288769),539.0,120.6161271,13.96064042,2
Point (120.61607881457115354 13.9606790766772324),540.0,120.6160788,13.96067908,2
Point (120.61604016267681061 13.96068873965081814),541.0,120.6160402,13.96068874,2
Point (120.61594353294096038 13.96079503236026298),542.0,120.6159435,13.96079503,2
Point (120.61583724023148534 13.96081918979422376),543.0,120.6158372,13.96081919,2
Point (120.6158565661786497 13.96080469533384516),544.0,120.6158566,13.9608047,2
Point (120.6157406104956209 13.9608964935829114),545.0,120.6157406,13.96089649,2
Point (120.61567296968051721 13.96097379737159905),546.0,120.615673,13.9609738,2
Point (120.6189777066467741 13.95431117708404933),547.0,120.6189777,13.95431118,2
Point (120.61900669556753485 13.95419522140101698),548.0,120.6190067,13.95419522,2
Point (120.61906467340905635 13.95403578233684705),549.0,120.6190647,13.95403578,2
Point (120.61913714571095113 13.95355746514434081),550.0,120.6191371,13.95355747,2
Point (120.6190936623298029 13.95378937651040374),551.0,120.6190937,13.95378938,2
Point (120.6189777066467741 13.95405027679722743),552.0,120.6189777,13.95405028,2
Point (120.61890523434487932 13.95434016600480653),553.0,120.6189052,13.95434017,2
Point (120.61904293171851066 13.95065494945344398),554.0,120.6190429,13.95065495,2
Point (120.61898495387698915 13.95082888297799073),555.0,120.618985,13.95082888,2
Point (120.61898495387698915 13.95097382758178206),556.0,120.618985,13.95097383,2
Point (120.61898495387698915 13.95129270571012015),557.0,120.618985,13.95129271,2
Point (120.61904293171851066 13.95152461707618308),558.0,120.6190429,13.95152462,2
Point (120.61904293171851066 13.95175652844224778),559.0,120.6190429,13.95175653,2
Point (120.6190719206392572 13.95213338441210205),560.0,120.6190719,13.95213338,2
Point (120.61912989848077871 13.95233630685740778),561.0,120.6191299,13.95233631,2
Point (120.6190719206392572 13.95329294124242203),562.0,120.6190719,13.95329294,2
Point (120.61901394279774991 13.95314799663863248),563.0,120.6190139,13.953148,2
Point (120.61892697603546765 13.95274215174802102),564.0,120.618927,13.95274215,2
Point (120.61881102035243885 13.9522493400951344),565.0,120.618811,13.95224934,2
Point (120.61875304251093155 13.95193046196679632),566.0,120.618753,13.95193046,2
Point (120.61866607574864929 13.95164057275921543),567.0,120.6186661,13.95164057,2
Point (120.61843416438259169 13.95120573894784499),568.0,120.6184342,13.95120574,2
Point (120.61797034165046227 13.95042303808737927),569.0,120.6179703,13.95042304,2
Point (120.61799933057122303 13.95048101592889545),570.0,120.6179993,13.95048102,2
Point (120.61823124193728063 13.95074191621571735),571.0,120.6182312,13.95074192,2
Point (120.61831820869954868 13.95091584974026588),572.0,120.6183182,13.95091585,2
Point (120.61852113114485974 13.95126371678936117),573.0,120.6185211,13.95126372,2
Point (120.618608097907142 13.9514376503139097),574.0,120.6186081,13.95143765,2
Point (120.6188400092731996 13.95198843980831249),575.0,120.61884,13.95198844,2
Point (120.6188979871147211 13.95219136225361822),576.0,120.618898,13.95219136,2
Point (120.61904293171851066 13.95245226254044013),577.0,120.6190429,13.95245226,2
Point (120.61898495387698915 13.95311900771787528),578.0,120.618985,13.95311901,2
Point (120.6190719206392572 13.95277114066877822),579.0,120.6190719,13.95277114,2
Point (120.61728910201262011 13.95572438697099393),580.0,120.6172891,13.95572439,1
Point (120.61714415740883055 13.95575337589175291),581.0,120.6171442,13.95575338,1
Point (120.61683977374086396 13.95597079279743724),582.0,120.6168398,13.95597079,1
Point (120.61666584021631365 13.95620270416350195),583.0,120.6166658,13.9562027,1
Point (120.61625999532570575 13.95649259337108283),584.0,120.61626,13.95649259,1
Point (120.61612954518230367 13.95655057121259901),585.0,120.6161295,13.95655057,1
Point (120.61566572245017426 13.95750720559761326),586.0,120.6156657,13.95750721,1
Point (120.6156367335294135 13.95765215020140282),587.0,120.6156367,13.95765215,1
Point (120.61576718367281558 13.95875372919020663),588.0,120.6157672,13.95875373,1
Point (120.61576718367281558 13.95913058516006089),589.0,120.6157672,13.95913059,1
Point (120.61576718367281558 13.95915957408081987),590.0,120.6157672,13.95915957,1
Point (120.61589763381623186 13.95978283587711744),591.0,120.6158976,13.95978284,1
Point (120.61581066705396381 13.96026115306962367),592.0,120.6158107,13.96026115,1
Point (120.61578167813320306 13.9601451973865931),593.0,120.6157817,13.9601452,1
Point (120.61570920583130828 13.95979733033749604),594.0,120.6157092,13.95979733,1
Point (120.61570920583130828 13.95927552976385222),595.0,120.6157092,13.95927553,1
Point (120.61572370029168155 13.95892766271475516),596.0,120.6157237,13.95892766,1
Point (120.61572370029168155 13.9587827181109656),597.0,120.6157237,13.95878272,1
Point (120.61581066705396381 13.95846383998262752),598.0,120.6158107,13.95846384,1
Point (120.61637595100873455 13.957710128042919),599.0,120.616376,13.95771013,1
Point (120.61646291777101681 13.95736226099382193),600.0,120.6164629,13.95736226,1
Point (120.61670932359746189 13.95684046042017812),601.0,120.6167093,13.95684046,1
Point (120.61708617956730905 13.95640562660880768),602.0,120.6170862,13.95640563,1
Point (120.61753550783906519 13.95581135373326909),603.0,120.6175355,13.95581135,1
Point (120.61752101337867771 13.95584034265402629),604.0,120.617521,13.95584034,1
Point (120.61731809093338086 13.95584034265402629),605.0,120.6173181,13.95584034,1
Point (120.61705719064654829 13.95585483711440666),606.0,120.6170572,13.95585484,1
Point (120.61676730143896918 13.95604326509933379),607.0,120.6167673,13.95604327,1
Point (120.61660786237480636 13.95608674848046959),608.0,120.6166079,13.95608675,1
Point (120.61620201748419845 13.95675349365790474),609.0,120.616202,13.95675349,1
Point (120.61624550086533247 13.95695641610321047),610.0,120.6162455,13.95695642,1
Point (120.61639044546912203 13.95684046042017812),611.0,120.6163904,13.95684046,1
Point (120.61644842331062932 13.95672450473714576),612.0,120.6164484,13.9567245,1
Point (120.61665134575594038 13.95659405459373481),613.0,120.6166513,13.95659405,1
Point (120.61692674050314622 13.95640562660880768),614.0,120.6169267,13.95640563,1
Point (120.6171151684880698 13.9563041653861557),615.0,120.6171152,13.95630417,1
Point (120.61728910201262011 13.95614472632198577),616.0,120.6172891,13.95614473,1
Point (120.61730359647299338 13.95591281495592106),617.0,120.6173036,13.95591281,1
Point (120.6172311241710986 13.95595629833705864),618.0,120.6172311,13.9559563,1
Point (120.616999212805041 13.95602877063895342),619.0,120.6169992,13.95602877,1
Point (120.61657887345404561 13.95660854905411341),620.0,120.6165789,13.95660855,1
Point (120.61650640115215083 13.95675349365790474),621.0,120.6165064,13.95675349,1
Point (120.61641943438988278 13.9569129327220729),622.0,120.6164194,13.95691293,1
Point (120.6162889842464665 13.9571738330088948),623.0,120.616289,13.95717383,1
Point (120.6162889842464665 13.95723181085041098),624.0,120.616289,13.95723181,1
Point (120.61633246762760052 13.95776810588443517),625.0,120.6163325,13.95776811,1
Point (120.61636145654836128 13.95776810588443517),626.0,120.6163615,13.95776811,1
Point (120.61604982565022226 13.95721006915984752),627.0,120.6160498,13.95721007,1
Point (120.61604982565022226 13.95721006915984752),628.0,120.6160498,13.95721007,1
Point (120.61618752302381097 13.95758692512970178),629.0,120.6161875,13.95758693,1
Point (120.61602808395964814 13.95768838635235376),630.0,120.6160281,13.95768839,1
Point (120.61583240874452372 13.95800001725050343),631.0,120.6158324,13.95800002,1
Point (120.61597735334831327 13.95820293969580916),632.0,120.6159774,13.95820294,1
Point (120.61608606180115544 13.95828990645808254),633.0,120.6160861,13.95828991,1
Point (120.61633246762760052 13.95878271811096916),634.0,120.6163325,13.95878272,1
Point (120.61633246762760052 13.95878271811096916),635.0,120.6163325,13.95878272,1
Point (120.61633246762760052 13.95902187670722405),636.0,120.6163325,13.95902188,1
Point (120.61620201748418424 13.9592175519223396),637.0,120.616202,13.95921755,1
Point (120.61600634226907403 13.95937699098650953),638.0,120.6160063,13.95937699,1
Point (120.61592662273699261 13.9594494632884043),639.0,120.6159266,13.95944946,1
Point (120.61583965597471035 13.95960890235257246),640.0,120.6158397,13.9596089,1
Point (120.61581791428415045 13.95958716066200545),641.0,120.6158179,13.95958716,1
Point (120.61578892536338969 13.95947120497897309),642.0,120.6157889,13.9594712,1
Point (120.61578892536338969 13.95926828253366558),643.0,120.6157889,13.95926828,1
Point (120.61581791428415045 13.95896389886570788),644.0,120.6158179,13.9589639,1
Point (120.61582516151433708 13.95884794318267552),645.0,120.6158252,13.95884794,1
Point (120.61585415043509784 13.95857979566566343),646.0,120.6158542,13.9585798,1
Point (120.61586864489547111 13.95840586214111489),647.0,120.6158686,13.95840586,1
Point (120.61623825363513163 13.95798552279012483),648.0,120.6162383,13.95798552,1
Point (120.6162889842464665 13.95791305048823006),649.0,120.616289,13.95791305,1
Point (120.61560049737845191 13.95953643005068301),650.0,120.6156005,13.95953643,1
Point (120.61560049737845191 13.95942047436765066),651.0,120.6156005,13.95942047,1
Point (120.61560049737845191 13.95908710177893397),652.0,120.6156005,13.9590871,1
Point (120.61564398075958593 13.960116208465843),653.0,120.615644,13.96011621,1
Point (120.61564398075958593 13.96002199447337944),654.0,120.615644,13.96002199,1
Point (120.61562223906902602 13.95977558864693613),655.0,120.6156222,13.95977559,1
Point (120.61560049737845191 13.95965238573371536),656.0,120.6156005,13.95965239,1
Point (120.61553527230674376 13.95942772159784084),657.0,120.6155353,13.95942772,1
Point (120.61612229795208862 13.95962339681295816),658.0,120.6161223,13.9596234,1
Point (120.61612229795208862 13.95965238573371536),659.0,120.6161223,13.95965239,1
Point (120.61603533118982057 13.95997126386205345),660.0,120.6160353,13.95997126,1
Point (120.61570195860110744 13.96058003119797242),661.0,120.615702,13.96058003,1
Point (120.61568021691053332 13.96060902011872962),662.0,120.6156802,13.96060902,1
Point (120.61550628338598301 13.96077570641308796),663.0,120.6155063,13.96077571,1
Point (120.61552802507655713 13.96071048134138337),664.0,120.615528,13.96071048,1
Point (120.61559325014826527 13.96059452565835102),665.0,120.6155933,13.96059453,1
Point (120.61563673352939929 13.96049306443569726),666.0,120.6156367,13.96049306,1
Point (120.61565122798977256 13.96031913091115051),667.0,120.6156512,13.96031913,1
Point (120.61565122798977256 13.96023216414887536),668.0,120.6156512,13.96023216,1
Point (120.61563673352939929 13.96015244461679039),669.0,120.6156367,13.96015244,1
Point (120.61575268921242809 13.95944221605821944),670.0,120.6157527,13.95944222,1
Point (120.61572370029166734 13.95945671051859804),671.0,120.6157237,13.95945671,1
Point (120.61572370029166734 13.95965238573371536),672.0,120.6157237,13.95965239,1
Point (120.61575268921242809 13.95976834141674772),673.0,120.6157527,13.95976834,1
Point (120.61576718367281558 13.96005823062432682),674.0,120.6157672,13.96005823,1
Point (120.61575993644261473 13.96021042245830657),675.0,120.6157599,13.96021042,1
Point (120.61574544198224146 13.96027564753001293),676.0,120.6157454,13.96027565,1
Point (120.61572370029166734 13.96046407551494006),677.0,120.6157237,13.96046408,1
Point (120.61564398075958593 13.96055104227721344),678.0,120.615644,13.96055104,1
Point (120.61177395983840199 13.96208745507738769),679.0,120.611774,13.96208746,2
Point (120.61131013710627258 13.96217442183966106),680.0,120.6113101,13.96217442,2
Point (120.61099125897794693 13.96226138860193622),681.0,120.6109913,13.96226139,2
Point (120.61046945840429601 13.96249329996799915),682.0,120.6104695,13.9624933,2
Point (120.61003462459292734 13.96278318917558003),683.0,120.6100346,13.96278319,2
Point (120.60959979078155868 13.96304408946240194),684.0,120.6095998,13.96304409,2
Point (120.60930990157397957 13.96336296759074003),685.0,120.6093099,13.96336297,2
Point (120.60904900128714701 13.96365285679832091),686.0,120.609049,13.96365286,2
Point (120.60873012315882136 13.9640007238474162),687.0,120.6087301,13.96400072,2
Point (120.60861416747577834 13.9642616241342381),688.0,120.6086142,13.96426162,2
Point (120.60835326718895999 13.96466746902485134),689.0,120.6083533,13.96466747,2
Point (120.60823731150593119 13.96472544686636752),690.0,120.6082373,13.96472545,2
Point (120.6108753032948897 13.96269622241330488),691.0,120.6108753,13.96269622,2
Point (120.61104923681944001 13.9626382445717887),692.0,120.6110492,13.96263824,2
Point (120.61215081580824915 13.96217442183966106),693.0,120.6121508,13.96217442,2
Point (120.61444094054813547 13.96165262126601725),694.0,120.6144409,13.96165262,2
Point (120.61432498486509246 13.96165262126601725),695.0,120.614325,13.96165262,2
Point (120.61403509565751335 13.96165262126601725),696.0,120.6140351,13.96165262,2
Point (120.613774195370695 13.96168161018677445),697.0,120.6137742,13.96168161,2
Point (120.61336835048008709 13.9617685769490496),698.0,120.6133684,13.96176858,2
Point (120.61287553882719692 13.9617975658698068),699.0,120.6128755,13.96179757,2
Point (120.61258564961961781 13.96188453263208196),700.0,120.6125856,13.96188453,2
Point (120.61244070501582826 13.96191352155283916),701.0,120.6124407,13.96191352,2
Point (120.61157103739309093 13.96231936644345062),702.0,120.611571,13.96231937,2
Point (120.61119418142322957 13.9625802667302743),703.0,120.6111942,13.96258027,2
Point (120.61107822574020076 13.96269622241330488),704.0,120.6110782,13.96269622,2
Point (120.6107593476118609 13.96287015593785341),705.0,120.6107593,13.96287016,2
Point (120.60504853022250416 13.96634882642881692),706.0,120.6050485,13.96634883,2
Point (120.6050195413017434 13.9664068042703331),707.0,120.6050195,13.9664068,2
Point (120.60499055238098265 13.96646478211184927),708.0,120.6049906,13.96646478,2
Point (120.60496156346023611 13.96701557160625207),709.0,120.6049616,13.96701557,2
Point (120.60493257453947535 13.96718950513079882),710.0,120.6049326,13.96718951,2
Point (120.6049035856187146 13.96797220599126632),711.0,120.6049036,13.96797221,2
Point (120.60487459669795385 13.96800119491202352),712.0,120.6048746,13.96800119,2
Point (120.60461369641113549 13.96901580713855395),713.0,120.6046137,13.96901581,2
Point (120.60452672964885323 13.96924771850461866),714.0,120.6045267,13.96924772,2
Point (120.60441077396582443 13.96947962987068337),715.0,120.6044108,13.96947963,2
Point (120.60432380720355638 13.97005940828584336),716.0,120.6043238,13.97005941,2
Point (120.60423684044127413 13.97020435288963291),717.0,120.6042368,13.97020435,2
Point (120.60409189583748457 13.970523231017971),718.0,120.6040919,13.97052323,2
Point (120.60409189583748457 13.97095806482934144),719.0,120.6040919,13.97095806,2
Point (120.60406290691673803 13.9713349207991957),720.0,120.6040629,13.97133492,2
Point (120.60403391799597728 13.97142188756146908),721.0,120.6040339,13.97142189,2
Point (120.60394695123369502 13.97188571029359849),722.0,120.603947,13.97188571,2
Point (120.60417886259978104 13.97188571029360027),723.0,120.6041789,13.97188571,2
Point (120.60481661885646076 13.96866794008946044),724.0,120.6048166,13.96866794,2
Point (120.60339616173928334 13.97205964381815058),725.0,120.6033962,13.97205964,1
Point (120.60351211742231214 13.97159582108602294),726.0,120.6035121,13.97159582,1
Point (120.60345413958080485 13.97113199835389352),727.0,120.6034541,13.971132,1
Point (120.6034831285015656 13.97092907590858779),728.0,120.6034831,13.97092908,1
Point (120.60357009526383365 13.97049424209721735),729.0,120.6035701,13.97049424,1
Point (120.60362807310535516 13.97020435288963824),730.0,120.6036281,13.97020435,1
Point (120.60380200662989125 13.9695376077122031),731.0,120.603802,13.96953761,1
Point (120.60412088475823111 13.96916075174234884),732.0,120.6041209,13.96916075,1
Point (120.60414987367899187 13.96846501764415649),733.0,120.6041499,13.96846502,1
Point (120.60414987367899187 13.9679142281497537),734.0,120.6041499,13.96791423,1
Point (120.60414987367899187 13.96768231678369077),735.0,120.6041499,13.96768232,1
Point (120.60414987367899187 13.96692860484398224),736.0,120.6041499,13.9669286,1
Point (120.60409189583747036 13.96666770455716033),737.0,120.6040919,13.9666677,1
Point (120.60417886259975262 13.96608792614199857),738.0,120.6041789,13.96608793,1
Point (120.60446875180733173 13.96582702585517666),739.0,120.6044688,13.96582703,1
Point (120.60484560777717888 13.96559511448911373),740.0,120.6048456,13.96559511,1
Point (120.60504853022248994 13.96550814772683857),741.0,120.6050485,13.96550815,1
Point (120.60548336403385861 13.9648703914701624),742.0,120.6054834,13.96487039,1
Point (120.60548336403385861 13.96469645794561387),743.0,120.6054834,13.96469646,1
Point (120.60499055238096844 13.9640587016889377),744.0,120.6049906,13.9640587,1
Point (120.60528044158856176 13.96379780140211579),745.0,120.6052804,13.9637978,1
Point (120.60615010921129908 13.96376881248135859),746.0,120.6061501,13.96376881,1
Point (120.60615010921129908 13.96376881248135859),747.0,120.6061501,13.96376881,1
Point (120.60719371035858671 13.96365285679832624),748.0,120.6071937,13.96365286,1
Point (120.60733865496237627 13.96272521133406919),749.0,120.6073387,13.96272521,1
Point (120.60777348877374493 13.9623773442849739),750.0,120.6077735,13.96237734,1
Point (120.6084982117926927 13.96266723349255301),751.0,120.6084982,13.96266723,1
Point (120.60855618963421421 13.96263824457179581),752.0,120.6085562,13.96263824,1
Point (120.60919394589089393 13.96179756586981213),753.0,120.6091939,13.96179757,1
Point (120.60948383509847304 13.96162363234526538),754.0,120.6094838,13.96162363,1
Point (120.61006361351363125 13.9615946434245064),755.0,120.6100636,13.96159464,1
Point (120.6101505802758993 13.96185554371132831),756.0,120.6101506,13.96185554,1
Point (120.61017956919666005 13.96182655479057111),757.0,120.6101796,13.96182655,1
Point (120.6102665359589281 13.96179756586981213),758.0,120.6102665,13.96179757,1
Point (120.61107822574015813 13.96150767666223302),759.0,120.6110782,13.96150768,1
Point (120.61122317034394769 13.96147868774147405),760.0,120.6112232,13.96147869,1
Point (120.6114550817100195 13.9615656545037492),761.0,120.6114551,13.96156565,1
Point (120.60449049349789163 13.96522550574945498),762.0,120.6044905,13.96522551,1
Point (120.60799090567937242 13.96472182325129019),763.0,120.6079909,13.96472182,2
Point (120.60823006427568771 13.96215268014910471),764.0,120.6082301,13.96215268,1
Point (120.6079981529096159 13.96331223697942647),765.0,120.6079982,13.96331224,1
Point (120.60707050744535707 13.96415291568140837),766.0,120.6070705,13.96415292,1
Point (120.60515723867533211 13.96458774949277881),767.0,120.6051572,13.96458775,1
Point (120.60608488413959094 13.96337021482094265),768.0,120.6060849,13.96337021,1
Point (120.60649072903019885 13.96302234777184559),769.0,120.6064907,13.96302235,1
Point (120.60689657392082097 13.96276144748502368),770.0,120.6068966,13.96276145,1
Point (120.60649072903019885 13.9643558381267141),771.0,120.6064907,13.96435584,1
Point (120.60311351976183403 13.97240026363706278),772.0,120.6031135,13.97240026,1
Point (120.60306278915051337 13.97280610852767602),773.0,120.6030628,13.97280611,1
Point (120.60451948241859554 13.96487401508526816),774.0,120.6045195,13.96487402,1
Point (120.60572252263006021 13.96301147692656563),775.0,120.6057225,13.96301148,1
Point (120.6052804415884907 13.96327962444357773),776.0,120.6052804,13.96327962,1
Point (120.6047224048639066 13.96367822210400078),777.0,120.6047224,13.96367822,1
Point (120.60485285500730868 13.96445367573427809),778.0,120.6048529,13.96445368,1
Point (120.60505577745261974 13.96420726990783479),779.0,120.6050558,13.96420727,1
Point (120.60295408069769962 13.97351996070134916),780.0,120.6029541,13.97351996,1
Point (120.60282363055428334 13.97363591638438152),781.0,120.6028236,13.97363592,1
Point (120.60267868595049379 13.97380984990893005),782.0,120.6026787,13.97380985,1
Point (120.60262070810898649 13.97408524465613056),783.0,120.6026207,13.97408524,1
Point (120.60260621364859901 13.97443311170522762),784.0,120.6026062,13.97443311,1
Point (120.60272216933164202 13.9747809787543229),785.0,120.6027222,13.97478098,1
Point (120.60267868595049379 13.97517232918455576),786.0,120.6026787,13.97517233,1
Point (120.60267868595049379 13.97566514083744238),787.0,120.6026787,13.97566514,1
Point (120.60267868595049379 13.97583907436199091),788.0,120.6026787,13.97583907,1
Point (120.60267868595049379 13.97604199680729664),789.0,120.6026787,13.976042,1
Point (120.60262070810898649 13.97653480846018326),790.0,120.6026207,13.97653481,1
Point (120.60264969702974724 13.97676671982624796),791.0,120.6026497,13.97676672,1
Point (120.60262070810898649 13.97717256471685943),792.0,120.6026207,13.97717256,1
Point (120.60260621364859901 13.97730301486027038),793.0,120.6026062,13.97730301,1
Point (120.60260621364859901 13.97733200378102936),794.0,120.6026062,13.977332,1
Point (120.60259171918822574 13.97769436529050324),795.0,120.6025917,13.97769437,1
Point (120.60271492210144118 13.97778857928296858),796.0,120.6027149,13.97778858,1
Point (120.60288160839580485 13.97846981892078055),797.0,120.6028816,13.97846982,1
Point (120.60287436116561821 13.97820167140377023),798.0,120.6028744,13.97820167,1
Point (120.61719488802002331 13.9818107920381447),799.0,120.6171949,13.98181079,4
Point (120.60919394589080866 13.98285439318543233),800.0,120.6091939,13.98285439,4
Point (120.59643882075728527 13.97902785564537531),801.0,120.5964388,13.97902786,4
Point (120.58739427748078299 13.9697514010028101),802.0,120.5873943,13.9697514,4
Point (120.5908729479717465 13.98436181706484938),803.0,120.5908729,13.98436182,4
Point (120.59411970709663819 13.98470968411394644),804.0,120.5941197,13.98470968,4
Point (120.59933771283309056 13.9826224818193694),805.0,120.5993377,13.98262248,4
Point (120.61719488802002331 13.98412990569878644),806.0,120.6171949,13.98412991,4
Point (120.61522364140847685 13.98250652613633704),807.0,120.6152236,13.98250653,4
Point (120.60548336403378755 13.98273843750239998),808.0,120.6054834,13.98273844,4
Point (120.59145272638690471 13.98273843750239998),809.0,120.5914527,13.98273844,4
Point (120.61076659484196227 13.96154753642829505),810.0,120.6107666,13.96154754,1
Point (120.61075210038157479 13.96143158074526269),811.0,120.6107521,13.96143158,1
Point (120.61140435109862779 13.96146056966602167),812.0,120.6114044,13.96146057,1
Point (120.61335385601961434 13.96082281340934372),813.0,120.6133539,13.96082281,1
Point (120.613404586630935 13.96074309387726053),814.0,120.6134046,13.96074309,1
Point (120.61334660878941349 13.96066337434517557),815.0,120.6133466,13.96066337,1
Point (120.61320891141582479 13.9605836548130906),816.0,120.6132089,13.96058365,1
Point (120.61317992249506403 13.9605981492734692),817.0,120.6131799,13.96059815,1
Point (120.61314368634411665 13.96064887988479697),818.0,120.6131437,13.96064888,1
Point (120.61282480821577678 13.96043146297911086),819.0,120.6128248,13.96043146,1
Point (120.61286829159691081 13.96052567697157443),820.0,120.6128683,13.96052568,1
Point (120.6129045277478582 13.9605981492734692),821.0,120.6129045,13.96059815,1
Point (120.61291177497804483 13.96060539650365939),822.0,120.6129118,13.9606054,1
Point (120.61315818080448992 13.96076483556782755),823.0,120.6131582,13.96076484,1
Point (120.61324152395164333 13.96019955161304615),824.0,120.6132415,13.96019955,1
Point (120.61086443244948896 13.96183742563587948),825.0,120.6108644,13.96183743,1
Point (120.61048757647962759 13.96208383146232279),826.0,120.6104876,13.96208383,1
Point (120.60886419691718174 13.96211282038307999),827.0,120.6088642,13.96211282,1
Point (120.60654508325653467 13.96264911541710418),828.0,120.6065451,13.96264912,1
Point (120.60648710541502737 13.96267810433786138),829.0,120.6064871,13.9626781,1
Point (120.60722632289434841 13.9631419270699908),830.0,120.6072263,13.96314193,1
Point (120.60898015260021054 13.96212731484346037),831.0,120.6089802,13.96212731,1
Point (120.60870475785300471 13.96373619994553295),832.0,120.6087048,13.9637362,2
Point (120.60850908263789449 13.96401340650028189),833.0,120.6085091,13.96401341,2
Point (120.60841124503033939 13.96417646917954514),834.0,120.6084112,13.96417647,2
Point (120.60823187608313845 13.96443736946636704),835.0,120.6082319,13.96443737,2
Point (120.60780791311705684 13.96479610736074761),836.0,120.6078079,13.96479611,2
Point (120.60746548149060686 13.96481241362867465),837.0,120.6074655,13.96481241,2
Point (120.60746548149060686 13.96481241362867465),838.0,120.6074655,13.96481241,2
Point (120.60707413106037222 13.96491025123623153),839.0,120.6070741,13.96491025,2
Point (120.60695998718487942 13.96489394496830627),840.0,120.60696,13.96489394,2
Point (120.60663386182635293 13.96482871989659991),841.0,120.6066339,13.96482872,2
Point (120.60625881766405598 13.96520376405890751),842.0,120.6062588,13.96520376,2
Point (120.60616098005648666 13.96536682673817076),843.0,120.606161,13.96536683,2
Point (120.60603052991308459 13.96559511448914037),844.0,120.6060305,13.96559511,2
Point (120.60581854843003669 13.96583970850803702),845.0,120.6058185,13.96583971,2
Point (120.6057044045545581 13.96598646491937323),846.0,120.6057044,13.96598646,2
Point (120.60304648288251883 13.97436788663354257),847.0,120.6030465,13.97436789,2
Point (120.60309540168630349 13.97475923706377543),848.0,120.6030954,13.97475924,2
Point (120.60304648288251883 13.97503644361852437),849.0,120.6030465,13.97503644,2
Point (120.60304648288251883 13.97518320002986236),850.0,120.6030465,13.9751832,2
Point (120.60303017661459535 13.97544410031668427),851.0,120.6030302,13.9754441,2
Point (120.60301387034667187 13.97575391940728551),852.0,120.6030139,13.97575392,2
Point (120.60299756407873417 13.97606373849788675),853.0,120.6029976,13.97606374,2
Point (120.60296495154288721 13.97629202624885636),854.0,120.602965,13.97629203,2
Point (120.60298125781081069 13.97671598921494152),855.0,120.6029813,13.97671599,2
Point (120.60298125781081069 13.97691166443005883),856.0,120.6029813,13.97691166,2
Point (120.60301387034667187 13.97699319576969046),857.0,120.6030139,13.9769932,2
Point (120.60304648288251883 13.97720517725273304),858.0,120.6030465,13.97720518,2
Point (120.60304648288251883 13.97738454619992332),859.0,120.6030465,13.97738455,2
Point (120.60311170795422697 13.97761283395089293),860.0,120.6031117,13.97761283,2
Point (120.60322585182970556 13.97789004050564188),861.0,120.6032259,13.97789004,2
Point (120.60330738316933719 13.97806940945283216),862.0,120.6033074,13.97806941,2
Point (120.60345413958067695 13.97834661600757933),863.0,120.6034541,13.97834662,2
Point (120.60355197718823206 13.97847706615099028),864.0,120.603552,13.97847707,2
Point (120.60360089599201672 13.97857490375854894),865.0,120.6036009,13.9785749,2
Point (120.60382918374298811 13.97885211031329789),866.0,120.6038292,13.97885211,2
Point (120.60289157333720311 13.97656107966964001),867.0,120.6028916,13.97656108,2
Point (120.60286711393531789 13.97675675488475733),868.0,120.6028671,13.97675675,2
Point (120.60284265453343266 13.97699319576969046),869.0,120.6028427,13.9769932,2
Point (120.60288342020324137 13.9773030148602917),870.0,120.6028834,13.97730301,2
Point (120.60301387034665765 13.97784112170186077),871.0,120.6030139,13.97784112,2
Point (120.60309540168628928 13.97810202198868446),872.0,120.6030954,13.97810202,2
Point (120.60321769869572961 13.97830585033776352),873.0,120.6032177,13.97830585,2
Point (120.60328292376743775 13.97843630048117447),874.0,120.6032829,13.9784363,2
Point (120.60328292376743775 13.97844445361513799),875.0,120.6032829,13.97844445,2
Point (120.60369058046559587 13.97868904763403286),876.0,120.6036906,13.97868905,2
Point (120.60372319300145705 13.97868089450007112),877.0,120.6037232,13.97868089,2
Point (120.60372319300145705 13.97868089450007112),878.0,120.6037232,13.97868089,2
Point (120.60248391663904499 13.97210946852574054),879.0,120.6024839,13.97210947,3
Point (120.60281004199757149 13.97912116373408686),880.0,120.60281,13.97912116,3
Point (120.60258175424661431 13.97908855119823457),881.0,120.6025818,13.97908855,3
Point (120.60189689099370014 13.97713179904706848),882.0,120.6018969,13.9771318,3
Point (120.60329923003537544 13.97918638880579145),883.0,120.6032992,13.97918639,3
Point (120.60192950352954711 13.97605558536392678),884.0,120.6019295,13.97605559,3
Point (120.60199472860125525 13.9765447734017183),885.0,120.6019947,13.97654477,3
Point (120.60326661749951427 13.97915377626993916),886.0,120.6032666,13.97915378,3
Point (120.60290787960514081 13.97889287598311725),887.0,120.6029079,13.97889288,3
Point (120.60416346223547635 13.96552173628348115),888.0,120.6041635,13.96552174,1
Point (120.60434283118266308 13.96477164795886772),889.0,120.6043428,13.96477165,1
Point (120.60620174572626695 13.96242354537746699),890.0,120.6062017,13.96242355,1
Point (120.60538643232995071 13.96289642714733326),891.0,120.6053864,13.96289643,1
Point (120.60473418161289771 13.96340192145305004),892.0,120.6047342,13.96340192,1
Point (120.60440805625437122 13.96390741575876859),893.0,120.6044081,13.96390742,1
Point (120.60421238103924679 13.96475534169094068),894.0,120.6042124,13.96475534,1
Point (120.60414715596753865 13.96519561092495287),895.0,120.6041472,13.96519561,1
Point (120.60396778702035192 13.96612506819675659),896.0,120.6039678,13.96612507,1
Point (120.60953637751724443 13.96250100015011952),897.0,120.6095364,13.962501,1
Point (120.60960160258895257 13.96240316254256086),898.0,120.6096016,13.96240316,1
Point (120.6101070968946658 13.96209334345195963),899.0,120.6101071,13.96209334,1
Point (120.61351510689128474 13.96033226651591086),900.0,120.6135151,13.96033227,1
Point (120.61362925076676333 13.96088667962540697),901.0,120.6136293,13.96088668,1
Point (120.61331943167616032 13.96119649871600998),902.0,120.6133194,13.9611965,1
Point (120.6132379003365287 13.96122911125186228),903.0,120.6132379,13.96122911,1
Point (120.61297700004971034 13.9613106425914939),904.0,120.612977,13.96131064,1
Point (120.61266718095910733 13.96142478646697782),905.0,120.6126672,13.96142479,1
Point (120.61243889320813594 13.96152262407453648),906.0,120.6124389,13.96152262,1
Point (120.61229213679681038 13.96158784914624285),907.0,120.6122921,13.96158785,1
Point (120.61201493024205433 13.9616041554141681),908.0,120.6120149,13.96160416,1
Point (120.61185186756279109 13.96162046168209514),909.0,120.6118519,13.96162046,1
Point (120.60669093376411354 13.96396041112953412),910.0,120.6066909,13.96396041,1
Point (120.60707413106035801 13.96224009986329584),911.0,120.6070741,13.9622401,1
Point (120.60753070656230079 13.96224009986329584),912.0,120.6075307,13.9622401,1
Point (120.60890043306811492 13.96171829928965202),913.0,120.6089004,13.9617183,1
Point (120.60788944445667425 13.96184874943306298),914.0,120.6078894,13.96184875,1
Point (120.60612836752062549 13.96445775230128383),915.0,120.6061284,13.96445775,1
Point (120.6076285441698559 13.96390333919178772),916.0,120.6076285,13.96390334,1
Point (120.60828079488690889 13.96338153861814391),917.0,120.6082808,13.96338154,1
Point (120.60821556981521496 13.9634141511539962),918.0,120.6082156,13.96341415,1
Point (120.60801989460009054 13.96357721383325945),919.0,120.6080199,13.96357721,1
Point (120.60759593163400893 13.96416423947860963),920.0,120.6075959,13.96416424,1
Point (120.60433467804874397 13.96691184562421206),921.0,120.6043347,13.96691185,1
Point (120.60433467804874397 13.96769454648467956),922.0,120.6043347,13.96769455,1
Point (120.60400855269021747 13.96536275017120587),923.0,120.6040086,13.96536275,1
Point (120.60397594015435629 13.96546058777876453),924.0,120.6039759,13.96546059,1
Point (120.60356828345619817 13.96604761342411472),925.0,120.6035683,13.96604761,1
Point (120.60614467378856318 13.96451482423903556),926.0,120.6061447,13.96451482,1
Point (120.60562287321492647 13.96513446242023804),927.0,120.6056229,13.96513446,1
Point (120.60519891024883066 13.96458004931074015),928.0,120.6051989,13.96458005,1
Point (120.6045140469959307 13.96493878720512072),929.0,120.604514,13.96493879,1
Point (120.60454665953177766 13.96666725160531719),930.0,120.6045467,13.96666725,1
Point (120.60441620938837559 13.96751517753748928),931.0,120.6044162,13.96751518,1
Point (120.6041879216374042 13.96784130289601755),932.0,120.6041879,13.9678413,1
Point (120.60395963388643281 13.96872184136404194),933.0,120.6039596,13.96872184,1
Point (120.60366612106375328 13.97012418040571013),934.0,120.6036661,13.97012418,1
Point (120.60366612106375328 13.9701894054774165),935.0,120.6036661,13.97018941,1
Point (120.60353567092035121 13.97100471887373629),936.0,120.6035357,13.97100472,1
Point (120.60330738316937982 13.97139606930396916),937.0,120.6033074,13.97139607,1
Point (120.60317693302596354 13.97198309494931934),938.0,120.6031769,13.97198309,1
Point (120.60314432049011657 13.97211354509273029),939.0,120.6031443,13.97211355,1
Point (120.60319323929387281 13.97150206004548956),940.0,120.6031932,13.97150206,1
Point (120.60394332761848091 13.96917026373201764),941.0,120.6039433,13.96917026,1
Point (120.60366612106373907 13.96957792043017754),942.0,120.6036661,13.96957792,1
Point (120.60348675211655234 13.96983882071699945),943.0,120.6034868,13.96983882,1
Point (120.6034215270448442 13.97039323382649556),944.0,120.6034215,13.97039323,1
Point (120.60335630197313606 13.97071935918502383),945.0,120.6033563,13.97071936,1
Point (120.60319323929387281 13.97127377229451994),946.0,120.6031932,13.97127377,1
Point (120.60311170795424118 13.97194232927950175),947.0,120.6031117,13.97194233,1
Point (120.60337260824105954 13.97238259851351394),948.0,120.6033726,13.9723826,1
Point (120.60343783331276768 13.97282286774752791),949.0,120.6034378,13.97282287,1
Point (120.60311170795424118 13.97313268683812915),950.0,120.6031117,13.97313269,1
Point (120.60453035326385418 13.96967575803773265),951.0,120.6045304,13.96967576,2
Point (120.604497740727993 13.96975728937736427),952.0,120.6044977,13.96975729,2
Point (120.60500323503372044 13.96859954435459095),953.0,120.6050032,13.96859954,2
Point (120.60500323503372044 13.96780053722619819),954.0,120.6050032,13.96780054,2
Point (120.60501954130164393 13.96745810559974466),955.0,120.6050195,13.96745811,2
Point (120.60490539742615113 13.96705044890158476),956.0,120.6049054,13.96705045,2
Point (120.6048238660865195 13.96669171100720419),957.0,120.6048239,13.96669171,2
Point (120.60490539742615113 13.96685477368646922),958.0,120.6049054,13.96685477,2
Point (120.6049380099620123 13.9669199987581738),959.0,120.604938,13.96692,2
Point (120.6049380099620123 13.96698522382988017),960.0,120.604938,13.96698522,2
Point (120.60514999144506021 13.96775161842241886),961.0,120.60515,13.96775162,2
Point (120.60511737890919903 13.96819188765643105),962.0,120.6051174,13.96819189,2
Point (120.60472602847896439 13.96908873239238247),963.0,120.604726,13.96908873,2
Point (120.60453035326385418 13.96936593894713141),964.0,120.6045304,13.96936594,2
Point (120.60436729058459093 13.96961053296602806),965.0,120.6043673,13.96961053,2
Point (120.60430206551288279 13.97011602727174484),966.0,120.6043021,13.97011603,2
Point (120.60430206551288279 13.97039323382649378),967.0,120.6043021,13.97039323,2
Point (120.60430206551288279 13.97070305291709502),968.0,120.6043021,13.97070305,2
Point (120.60430206551288279 13.97112701588318018),969.0,120.6043021,13.97112702,2
Point (120.60420422790532768 13.9716162039209717),970.0,120.6042042,13.9716162,2
Point (120.60413900283361954 13.97184449167194131),971.0,120.604139,13.97184449,2
Point (120.60413900283361954 13.97218692329839662),972.0,120.604139,13.97218692,2
Point (120.60459557833556232 13.96950454222450588),973.0,120.6045956,13.96950454,2
Point (120.60461188460348581 13.96945562342072655),974.0,120.6046119,13.96945562,2
Point (120.60476679414878731 13.96922733566975694),975.0,120.6047668,13.96922734,2
Point (120.60487278489031837 13.96893382284708096),976.0,120.6048728,13.96893382,2
Point (120.60497877563183522 13.96818373452246753),977.0,120.6049788,13.96818373,2
Point (120.60497877563183522 13.96818373452246753),978.0,120.6049788,13.96818373,2
Point (120.60497877563183522 13.9682163470583216),979.0,120.6049788,13.96821635,2
Point (120.6048972442922036 13.9684364816753277),980.0,120.6048972,13.96843648,2
Point (120.60301794691369537 13.9715387491483245),981.0,120.6030179,13.97153875,1
Point (120.60295272184198723 13.97214208106159994),982.0,120.6029527,13.97214208,1
Point (120.60292010930614026 13.97327536668248449),983.0,120.6029201,13.97327537,1
Point (120.60309132511936525 13.97299000699377203),984.0,120.6030913,13.97299001,1
Point (120.60327884720051372 13.97269649417109783),985.0,120.6032788,13.97269649,1
Point (120.60339299107600652 13.97237852194653307),986.0,120.603393,13.97237852,1
Point (120.60344190987977697 13.97073974201993174),987.0,120.6034419,13.97073974,1
Point (120.60323808153070502 13.97095987663693784),988.0,120.6032381,13.97095988,1
Point (120.60314839705711165 13.97103325484260594),989.0,120.6031484,13.97103325,1
Point (120.60308317198540351 13.97119631752186919),990.0,120.6030832,13.97119632,1
Point (120.60304240631558059 13.97132676766528014),991.0,120.6030424,13.97132677,1
Point (120.60294456870802549 13.97165289302380842),992.0,120.6029446,13.97165289,1
Point (120.60291195617217852 13.97191379331063033),993.0,120.602912,13.97191379,1
Point (120.60290380303821678 13.97232145000879022),994.0,120.6029038,13.97232145,1
Point (120.6029853343778484 13.97271280043902308),995.0,120.6029853,13.9727128,1
Point (120.6029853343778484 13.97285955685036107),996.0,120.6029853,13.97285956,1
Point (120.60286303736839386 13.97335689802211611),997.0,120.602863,13.9733569,1
Point (120.6190062426155265 13.9528762255065768),998.0,120.6190062,13.95287623,2
Point (120.6190062426155265 13.9528762255065768),999.0,120.6190062,13.95287623,2
Point (120.61897363007966533 13.95345509801796346),1000.0,120.6189736,13.9534551,2
Point (120.61903885515137347 13.95388721411801214),1001.0,120.6190389,13.95388721,2
Point (120.61810939787957864 13.95572982239369431),1002.0,120.6181094,13.95572982,2
Point (120.61839475756828222 13.95547707524083592),1003.0,120.6183948,13.95547708,2
Point (120.61850074830979906 13.95531401256157089),1004.0,120.6185007,13.95531401,2
Point (120.61865565785510057 13.95488189646152222),1005.0,120.6186557,13.9548819,2
Point (120.61877795486455511 13.95457207737092098),1006.0,120.618778,13.95457208,2
Point (120.61887579247211022 13.95428671768220852),1007.0,120.6188758,13.95428672,2
Point (120.61894101754381836 13.95396874545764554),1008.0,120.618941,13.95396875,2
Point (120.61892471127589488 13.9536915389028966),1009.0,120.6189247,13.95369154,2
Point (120.61892471127589488 13.95343879175003643),1010.0,120.6189247,13.95343879,2
Point (120.61876164859663163 13.95249302821030746),1011.0,120.6187616,13.95249303,2
Point (120.6187942611324786 13.9525827126839026),1012.0,120.6187943,13.95258271,2
Point (120.61886763933814848 13.95291699117639261),1013.0,120.6188676,13.95291699,2
Point (120.61878610799851685 13.9541725738067246),1014.0,120.6187861,13.95417257,2
Point (120.61871272979284697 13.95442532095958299),1015.0,120.6187127,13.95442532,2
Point (120.61858227964943069 13.95486559019359518),1016.0,120.6185823,13.95486559,2
Point (120.61853336084566024 13.95499604033700614),1017.0,120.6185334,13.95499604,2
Point (120.6184110638362057 13.95523248122193927),1018.0,120.6184111,13.95523248,2
Point (120.61835399189847351 13.95544446270498185),1019.0,120.618354,13.95544446,2
Point (120.61819092921921026 13.95561567851820861),1020.0,120.6181909,13.95561568,2
Point (120.61746530029645896 13.95022645696853836),1021.0,120.6174653,13.95022646,2
Point (120.61624844505249143 13.95017600945216429),1022.0,120.6162484,13.95017601,1
Point (120.61624233020201302 13.95020046885405307),1023.0,120.6162423,13.95020047,1
Point (120.6164930390713721 13.95033499556444312),1024.0,120.616493,13.950335,1
Point (120.61687827465112832 13.95058570443380397),1025.0,120.6168783,13.9505857,1
Point (120.61766097551156918 13.95103208851827858),1026.0,120.617661,13.95103209,1
Point (120.61771600916583225 13.95105043306969606),1027.0,120.617716,13.95105043,1
Point (120.61737357753938227 13.95085475785458407),1028.0,120.6173736,13.95085476,1
Point (120.6170433756138749 13.95067742719088777),1029.0,120.6170434,13.95067743,1
Point (120.61684158554830049 13.95049398167672017),1030.0,120.6168416,13.95049398,1
Point (120.61679266674451583 13.95042060347105384),1031.0,120.6167927,13.9504206,1
Point (120.61657253212752039 13.95023715795688624),1032.0,120.6165725,13.95023716,1
Point (120.61651138362279312 13.95026773220924809),1033.0,120.6165114,13.95026773,1
Point (120.616584761828463 13.95032276586349873),1034.0,120.6165848,13.95032277,1
Point (120.61665814003413288 13.95037779951774759),1035.0,120.6166581,13.9503778,1
Point (120.61736746268890386 13.95087921725647284),1036.0,120.6173675,13.95087922,1
Point (120.61756313790401407 13.9510198588173342),1037.0,120.6175631,13.95101986,1
Point (120.61762428640874134 13.95105654792016736),1038.0,120.6176243,13.95105655,1
Point (120.61766097551156918 13.95108712217252922),1039.0,120.617661,13.95108712,1
Point (120.61771600916583225 13.951111581574418),1040.0,120.617716,13.95111158,1
Point (120.6178566507266936 13.95113604097630677),1041.0,120.6178567,13.95113604,1
Point (120.61793614378282768 13.95116050037819555),1042.0,120.6179361,13.9511605,1
Point (120.61723905082898511 13.95070188659277655),1043.0,120.6172391,13.95070189,1
Point (120.61788722497904303 13.95108712217252922),1044.0,120.6178872,13.95108712,1
Point (120.61761205670779873 13.95087921725647284),1045.0,120.6176121,13.95087922,1
Point (120.61746530029645896 13.95078137964891596),1046.0,120.6174653,13.95078138,1
Point (120.61717790232427205 13.95061627868616583),1047.0,120.6171779,13.95061628,1
Point (120.61713509837096581 13.95057347473285958),1048.0,120.6171351,13.95057347,1
Point (120.61701280136151126 13.95050621137766633),1049.0,120.6170128,13.95050621,1
Point (120.61687215980064991 13.95038391436822067),1050.0,120.6168722,13.95038391,1
Point (120.61675597764168799 13.95028607676066379),1051.0,120.616756,13.95028608,1
Point (120.61610780349164429 13.95026773220924809),1052.0,120.6161078,13.95026773,3
Point (120.61627901930486928 13.95034111041491443),1053.0,120.616279,13.95034111,3
Point (120.61646246481903688 13.95047563712530447),1054.0,120.6164625,13.95047564,3
Point (120.61651138362282154 13.95048786682624886),1055.0,120.6165114,13.95048787,3
Point (120.61669482913698914 13.95056124503191519),1056.0,120.6166948,13.95056125,3
Point (120.61690273405304197 13.95069577174230524),1057.0,120.6169027,13.95069577,3
Point (120.61707394986626696 13.9508180687517509),1058.0,120.6170739,13.95081807,3
Point (120.61728185478231978 13.95097705486402795),1059.0,120.6172819,13.95097705,3
Point (120.61737969238987489 13.95101374396686289),1060.0,120.6173797,13.95101374,3
Point (120.6173919220908175 13.95101374396686289),1061.0,120.6173919,13.95101374,3
Point (120.61759982700687033 13.95120941918197488),1062.0,120.6175998,13.95120942,3
,,120.60475120937501,13.976620007075471,5
,,120.60295591770834,13.974003356132075,5
,,120.60466144479167,13.974788351415095,5
,,120.60753391145833,13.97278225235849,5
,,120.62755141354167,13.972433365566038,5
,,120.60672603020834,13.968770054245283,5
,,120.607713440625,13.971822813679244,5
,,120.611752846875,13.969380606132075,5
,,120.61848519062501,13.969293384433962,5
,,120.62440965312501,13.969031719339622,5
,,120.625486828125,13.971473926886793,5
,,120.60537956145834,13.967810615566037,5
,,120.61094496562501,13.96702562028302,5
,,120.61247096354167,13.966327846698112,5
,,120.61974189479167,13.965281186320755,5
,,120.62351200729168,13.965106742924528,5
,,120.62521753437501,13.967200063679245,5
,,120.607174853125,13.964845077830189,5
,,120.60914967395834,13.964234525943397,5
,,120.61435601979167,13.963187865566038,5
,,120.61749778020834,13.963275087264151,5
,,120.62288365520834,13.964932299528302,5
,,120.624948240625,13.964496191037735,5
,,120.61534343020834,13.961268988207546,5
,,120.61776707395833,13.960658436320754,5
,,120.62180648020833,13.960483992924528,5
,,120.62862858854167,13.957954563679245,5
,,120.61866471979167,13.957692898584906,5
,,120.62198600937501,13.954291252358491,5
,,120.62647423854168,13.954640139150943,5
,,120.62001118854167,13.951151271226415,5
,,120.62189624479167,13.953244591981132,5
,,120.62521753437501,13.953244591981132,5
